{
  "lyrics": [
    {
      "line": "",
      "time": -1
    },
    {
      "line": "Say your prayers",
      "time": 70910
    },
    {
      "line": "Little one",
      "time": 71910
    },
    {
      "line": "Don t forget",
      "time": 72910
    },
    {
      "line": "My son",
      "time": 73660
    },
    {
      "line": "To include everyone",
      "time": 74910
    },
    {
      "line": "I tuck you in",
      "time": 78660
    },
    {
      "line": "Warm within",
      "time": 79910
    },
    {
      "line": "Keep you free from sin",
      "time": 80660
    },
    {
      "line": "Until the sandman",
      "time": 82660
    },
    {
      "line": "He comes",
      "time": 83660
    },
    {
      "line": "Sleep with one eye open",
      "time": 86910
    },
    {
      "line": "Gripping your pillow tight",
      "time": 90660
    },
    {
      "line": "Exit light",
      "time": 93660
    },
    {
      "line": "Enter night",
      "time": 97410
    },
    {
      "line": "Take my hand",
      "time": 101410
    },
    {
      "line": "We re off to never",
      "time": 105160
    },
    {
      "line": "Never land",
      "time": 106160
    },
    {
      "line": "",
      "time": 107660
    },
    {
      "line": "Something s wrong",
      "time": 123160
    },
    {
      "line": "Shut the light",
      "time": 124160
    },
    {
      "line": "Heavy thoughts tonight",
      "time": 125160
    },
    {
      "line": "And they aren t",
      "time": 127160
    },
    {
      "line": "Of Snow White",
      "time": 127910
    },
    {
      "line": "Dreams of war",
      "time": 130910
    },
    {
      "line": "Dreams of liars",
      "time": 131910
    },
    {
      "line": "Dreams of dragons fire",
      "time": 132910
    },
    {
      "line": "And of things",
      "time": 134910
    },
    {
      "line": "That will bite yeah",
      "time": 135410
    },
    {
      "line": "Sleep with one eye open",
      "time": 138910
    },
    {
      "line": "Gripping your pillow tight",
      "time": 142660
    },
    {
      "line": "Exit light",
      "time": 145920
    },
    {
      "line": "Enter night",
      "time": 149660
    },
    {
      "line": "Take my hand",
      "time": 153410
    },
    {
      "line": "We re off to Never",
      "time": 157160
    },
    {
      "line": "Never land",
      "time": 158160
    },
    {
      "line": "",
      "time": 161160
    },
    {
      "line": "Now I lay me",
      "time": 205910
    },
    {
      "line": "Down to sleep",
      "time": 206910
    },
    {
      "line": "Now I lay me down to sleep",
      "time": 207660
    },
    {
      "line": "Pray the lord",
      "time": 209660
    },
    {
      "line": "My soul to keep",
      "time": 210160
    },
    {
      "line": "Pray the lord my soul to keep",
      "time": 211410
    },
    {
      "line": "And",
      "time": 213160
    },
    {
      "line": "If I die before",
      "time": 213300
    },
    {
      "line": "I wake",
      "time": 214050
    },
    {
      "line": "If I die before I wake",
      "time": 215550
    },
    {
      "line": "Pray the lord",
      "time": 217300
    },
    {
      "line": "My soul to take",
      "time": 218050
    },
    {
      "line": "Pray the lord my soul to take",
      "time": 219050
    },
    {
      "line": "Hush little baby",
      "time": 221050
    },
    {
      "line": "Don t say a word",
      "time": 222800
    },
    {
      "line": "And never mind",
      "time": 225550
    },
    {
      "line": "That noise you heard",
      "time": 226190
    },
    {
      "line": "It s just the beast",
      "time": 228940
    },
    {
      "line": "Under your bed",
      "time": 230440
    },
    {
      "line": "In your closet",
      "time": 233440
    },
    {
      "line": "In your head",
      "time": 234690
    },
    {
      "line": "Exit light",
      "time": 236690
    },
    {
      "line": "Enter night",
      "time": 240440
    },
    {
      "line": "Grain of sand",
      "time": 244440
    },
    {
      "line": "Exit light",
      "time": 248440
    },
    {
      "line": "Enter night",
      "time": 252190
    },
    {
      "line": "Take my hand",
      "time": 255940
    },
    {
      "line": "We re off to Never",
      "time": 259829
    },
    {
      "line": "Never land",
      "time": 260829
    },
    {
      "line": "Boo",
      "time": 267330
    },
    {
      "line": "Yey yeah",
      "time": 270830
    },
    {
      "line": "Yow ho",
      "time": 277210
    },
    {
      "line": "We re off to never",
      "time": 285360
    },
    {
      "line": "Never land",
      "time": 285860
    },
    {
      "line": "Take my hand",
      "time": 286860
    },
    {
      "line": "We re off to never",
      "time": 292860
    },
    {
      "line": "Never land",
      "time": 293860
    },
    {
      "line": "Take my hand",
      "time": 294860
    },
    {
      "line": "We re off to never",
      "time": 300610
    },
    {
      "line": "Never land",
      "time": 301610
    }
  ]
}